demo.xlsx,2020/11/13 23:08:12,2020/11/19 21:00:34
excel.py,2020/11/13 23:12:02,2020/11/13 23:12:14
excel01.py,2020/11/13 21:58:22,2020/11/13 23:08:04
excel02.py,2020/11/13 23:51:15,2020/11/13 23:51:34
main.py,2020/11/13 21:50:20,2020/11/13 21:50:47
make_folders.py,2020/11/20 21:19:44,2020/11/20 21:20:23
output.pdf,2020/11/19 22:13:06,2020/11/19 22:13:06
pdf.py,2020/11/14 00:03:36,2020/11/19 22:11:26
test.py,2020/11/14 00:17:38,2020/11/14 00:17:47
torihiki.xlsx,2020/11/13 23:13:51,2020/11/19 20:35:59
店舗コード.csv,2020/11/20 21:25:54,2017/01/23 10:48:28
